<?xml version="1.0" encoding="UTF-8"?>
<beans xmlns="http://www.springframework.org/schema/beans"
	xmlns:xsi="http://www.w3.org/2001/XMLSchema-instance"
	xmlns:context="http://www.springframework.org/schema/context"
	xsi:schemaLocation="http://www.springframework.org/schema/beans http://www.springframework.org/schema/beans/spring-beans-4.3.xsd
		http://www.springframework.org/schema/context http://www.springframework.org/schema/context/spring-context-4.3.xsd">

 <context:component-scan base-package="com.cg.bean"></context:component-scan> 
<!-- <bean id="customer" class="com.cg.bean.Customer"></bean>
	<bean id="transaction" class="com.cg.bean.Transaction"></bean>
	<bean id="service" class="com.cg.service.ClassService"></bean>
	<bean id="dao" class="com.cg.dao.ClassDao"></bean>
	<bean id="generateDao" class="com.cg.dao.GenerateDaoObj"></bean> -->
	
</beans>
